
-- phpMyAdmin SQL Dump
-- version 3.5.2.2
-- http://www.phpmyadmin.net
--
-- Servidor: localhost
-- Tiempo de generación: 04-06-2015 a las 07:18:43
-- Versión del servidor: 5.1.66
-- Versión de PHP: 5.2.17

SET SQL_MODE="NO_AUTO_VALUE_ON_ZERO";
SET time_zone = "+00:00";


/*!40101 SET @OLD_CHARACTER_SET_CLIENT=@@CHARACTER_SET_CLIENT */;
/*!40101 SET @OLD_CHARACTER_SET_RESULTS=@@CHARACTER_SET_RESULTS */;
/*!40101 SET @OLD_COLLATION_CONNECTION=@@COLLATION_CONNECTION */;
/*!40101 SET NAMES utf8 */;

--
-- Base de datos: `u959293558_trans`
--

--
-- Volcado de datos para la tabla `provincias`
--

INSERT INTO `provincias` (`IdProvincia`, `descripcion`) VALUES
(1, 'Vitoria-Gasteiz Araba/Alava'),
(2, 'Albacete'),
(3, 'Alacant/Alicante'),
(4, 'Almeria'),
(5, 'Ávila'),
(6, 'Badajoz'),
(7, 'Palma de Mallorca'),
(8, 'Barcelona'),
(9, 'Burgos'),
(10, 'Caceres'),
(11, 'Cadiz'),
(12, 'Castello de la Plana/Castellon'),
(13, 'Ciudad Real'),
(14, 'Cordoba'),
(15, 'A Coruña'),
(16, 'Cuenca'),
(17, 'Girona'),
(18, 'Granada'),
(19, 'Guadalajara'),
(20, 'Donostia / San Sebastian'),
(21, 'Huelva'),
(22, 'Huesca'),
(23, 'Jaen'),
(24, 'Leon'),
(25, 'Lleida'),
(26, 'Logro'),
(27, 'Lugo'),
(28, 'Madrid'),
(29, 'Malaga'),
(30, 'Murcia'),
(31, 'Navarra'),
(32, 'Ourense'),
(33, 'Asturias'),
(34, 'Palencia'),
(35, 'Palmas de Gran Canaria,Las'),
(36, 'Pontevedra'),
(37, 'Salamanca'),
(38, 'Santa Cruz de Tenerife'),
(39, 'Cantabria'),
(40, 'Segovia'),
(41, 'Sevilla'),
(42, 'Soria'),
(43, 'Tarragona'),
(44, 'Teruel'),
(45, 'Toledo'),
(46, 'Valencia'),
(47, 'Valladolid'),
(48, 'Bizkaia'),
(49, 'Zamora'),
(50, 'Zaragoza'),
(51, 'Ceuta'),
(52, 'Melilla'),
(53, 'Andorra');


--
-- Volcado de datos para la tabla `rol`
--

INSERT INTO `rol` (`idRol`, `descripcion`) VALUES
(1, 'root'),
(2, 'cliente'),
(3, 'transportista'),
(4, 'operario');


--
-- Volcado de datos para la tabla `cliente`
--

INSERT INTO `cliente` (`cif_cliente`, `razonSocial`) VALUES
('A11111111', 'Cliente Uno'),
('B22222222', 'Cliente Dos');


--
-- Volcado de datos para la tabla `transportistas`
--

INSERT INTO `transportistas` (`cif_transportista`, `razonSocial`, `idProvincia`) VALUES
('D44444444', 'Transportista uno', 33),
('E55555555', 'Transportista dos', 14);


--
-- Volcado de datos para la tabla `pertenece`
--

INSERT INTO `pertenece` (`cif_transportista`, `idProvincia`, `costeKm`) VALUES
('D44444444', 36, 0.025),
('D44444444', 32, 0.025),
('D44444444', 27, 0.025),
('D44444444', 15, 0.025),
('D44444444', 39, 0.023),
('D44444444', 33, 0.024),
('E55555555', 6, 0.035),
('E55555555', 10, 0.036),
('E55555555', 14, 0.04);


--
-- Volcado de datos para la tabla `usuarios`
--

INSERT INTO `usuarios` (`dni`, `nombre`, `email`, `contrasena`, `idRol`, `cif_transportista`, `cif_cliente`) VALUES
('22571146G', 'Jorge Ortiz Peris', 'jorgeortizperis@hotmail.com', '202cb962ac59075b964b07152d234b70', 1, NULL, NULL),
('11111101M', 'Usuario uno del Cliente uno', 'usuariounoclienteuno@hotmail.com', '202cb962ac59075b964b07152d234b70', 2, NULL, 'A11111111'),
('22222201G', 'Usuario uno del Cliente dos', 'usuariounoclientedos@hotmail.com', '202cb962ac59075b964b07152d234b70', 2, NULL, 'B22222222'),
('11111103P', 'Operario uno del Cliente uno', 'operariounoclienteuno@hotmail.com', '202cb962ac59075b964b07152d234b70', 4, NULL, 'A11111111'),
('22222202H', 'Operario uno del Cliente dos', 'operariounoclientedos@hotmail.com', '202cb962ac59075b964b07152d234b70', 4, NULL, 'B22222222'),
('22222203I', 'Operario dos del Cliente dos', 'operariodosclientedos@hotmail.com', '202cb962ac59075b964b07152d234b70', 4, NULL, 'B22222222'),
('44444401J', 'Usuario uno del Transportista uno', 'usuariounotransportistauno@hotmail.com', '202cb962ac59075b964b07152d234b70', 3, 'D44444444', NULL),
('55555501M', 'Usuario uno del Transportista dos', 'usuariounotransportistados@hotmail.com', '202cb962ac59075b964b07152d234b70', 3, 'E55555555', NULL),
('55555502N', 'Usuario dos del Transportista dos', 'usuariodostransportistados@hotmail.com', '202cb962ac59075b964b07152d234b70', 3, 'E55555555', NULL),
('44444402K', 'Operario uno del Transportista uno', 'operariounotransportistauno@hotmail.com', '202cb962ac59075b964b07152d234b70', 4, 'D44444444', NULL),
('44444403L', 'Operario dos del Transportista uno', 'operariodostransportistauno@hotmail.com', '202cb962ac59075b964b07152d234b70', 4, 'D44444444', NULL);

--
-- Volcado de datos para la tabla `expediciones`
--
INSERT INTO `expediciones` (`idExpedicion`, `idTransportista`, `fecha`, `IdCliente`, `destinatario`, `idProvinciaDestino`, `idProvinciaOrigen`, `bultos`, `peso`, `estado`, `descripcionIncidencia`, `solucionIncidencia`, `firma`) VALUES
('A11111111462015333', 'D44444444', '3 June, 2015', 'A11111111', 'Destinatario con origen en Córdoba', 15, 14, 7, 12.005, 'en reparto', '', '', NULL),
('B22222222462015628', 'E55555555', '1 June, 2015', 'B22222222', 'Destinatario origen Asturias', 10, 33, 2, 0.5, 'en plaza destino', '', '', NULL),
('A11111111462015487', 'D44444444', '1 June, 2015', 'A11111111', 'Destinatario origen Alava', 39, 1, 3, 14.988, 'incidencia', 'El destinatario no esta', '', NULL),
('B22222222462015948', 'D44444444', '26 May, 2015', 'B22222222', 'Envio origen en Valencia', 36, 46, 7, 3.94, 'entregada', '', '', 0x61565a4354314a334d4574485a32394251554642546c4e56614556565a304642515642765155464252464e4451566c4251554643616b55354d573142515546534f46567352564657556a5275547a4e6b56466c33613170536130673455446c6f524735325755463359303949524868334e453145516d74454d57396e5a32314b536b4a77616b3977516a4276633231785157517957573569516c7033555374565955355455565a744e303933626a644e636b783156444e6c626d357856305a72575778345a4659306557645a526b4a344b31467053326b72656b395361305979566a4234555546535a554e46555442745a5735715a6e4678625856785a545a31635845314e6a4d76636a51764e55784b643274345546597a566c42514b7939494f444d30516c4a46556b565352564a46556b565352564a46556b565352564a46556b565352564a46556b565352564a46556b565352564a46556b565352564a46556b565352564a46556b565352564a46556b565352564a46556b565352564a46556b565352564a46556b565352564a46556b565352564a46556b56445a456c45576b4e594f564d3159304976596d7032547a4e535543747a524573724d33706d516c5a48536b706e567a5a79515549325156466e4d6d64485156597751533830646e523263554a59633049765532566e556a4e365a6b4e61526b526e656d78424e32644b4d45686b5246683654446c30635373796245523355557332526d78425447644d6555314552474d314c33563161555235556e5a78626c70724e3163355447644b6557394f4e6b4a4d4c303942534764536130746b526d6c44563364436447645a5258513162554e555a474e424c324a69646b39355958467059576b7957487052516b5a42574374486355464d4f57357a5447644265586b764c32524a52554d3254575a744c3274505a553876546a567164793956543231776446704d634770744b7a5653636b6830626c704b5a4535464f454a345232787051557376564739474b316c4d543231366132395062575134616d396f596c51344e6c70335355744c563274714d6b463263464e32516c56435255525354334e745a31466b52574a565755557a526b5649556b46744f466c70623342685555684353324d3156316c68627a465a536c5a5254545242643168584b7a633055306c4c6330356f546d464c567a5133515746565557523356306b79623045336156466f595764455230396f5255686a5130704e6131466b5355567a593142355a484651566a417a59546c50536e464c563274454f4770794d32526e56476f326158705054464a484d55464754586843526a4642526d567a525668585155684557446434516b5a5355337046556c493555554a55545646535a464644626e5a6f536a464252464231556b497a5158643463556c5062304d33655768444d5568495a565a4a5a573942576e5235536b39765156706b4e6b6c50575531685a484642545452344e544a7651546470636b52475255687a543278504d554648637a425a617a5a6e524655325656466c64314a705a6e4642546d4a76556b497a5154525556326c4562555255626d466e52444a49555734325a3052584e6b56525a486443635752785155395a616b4e516355464257545a5655575633616a41335655466c655770464d31564259544e5461555274513035556446464355455a35556e4650566a5231513070535169746f516c464a4c7a52325a334e706357685256474e565557523352444e6b61565278515564595a576c4562555255626d466e5246644c5456526b55554a795a45744a54304e4757554a595a6c6f35526a4253565574554d46424354475931646d647a61584676656e4e425a6c467357555245626973774e6b6c785245746a526c566d565546574d556c345257356d526b64716145787163586c435457684c4b33426a645545766348677a4d32524e566b784c4d6b52684d30703251544e78536d5a504e6a5644615764794e577858557a566151577834566b464d6430524361473573646e647a593063784c327772576c5652656d464e6447566a5a6d396f555530345132567a6130646b556d70766143394c646e6c6f646b314257457059544535435548513263336477515456785933464354444e334e45354d5a305132536b744255465a77546c567351315a42534870514c334e745957355363584245534445784e6974525457387951585a764e6a5244645449316354643361554e56626d6b785457356e596a424856554e316369745a4e6c4a4b563170615a565a685630744f547a5a314f5730325a446c7465564a4f5258526d593367774d464e596154684364316f335344644d613341325a306f30647a46355a4846735446466e617a4a30644339365532567655473977623030345247566e4e3146516430513251576c454c304a7653325a36516a64764d444676566b74365930457263584630646c706d546a56434e6d59304c7a59325157566e574339474d6d5a4c5447557755485a77535739454f45743553584d795979387a5746644c52474a5a546d5275596c4d774e336436576c56724d6e49774e465531515338794e6b4e32557a5a725243746e4c31524e53455251616e4d785a326833517a5646524573354d335642516d355a646e566d574442746247773264484a5a554567765a45467a57554a51544664366254646d547a6b31636a5a4b626d39594d45465562477059616e52534e314e59626e56525a546333576b52564d4452454f453575646d645464446846576e4247546b7031546b34354e555a6f6332394a526d6835646c4e434c314a325a30393664325a545a4556464e4652364d314256616c464c516b45345448644b5455527363573130546b5a74635667325a314275537a6c5564586877636e563151575a7755574d72596d5635647a646e4b3052584b7a6330536d3942646d3147513168534e544e5255316b33536d73356430744c6447387a554442594f4539744b7a4e44626b685553334a6a557a46505446706a59314e6e636b6869626c5a6f5a455a786245786e516a5a4965554d7a51584a4d546a6b784d585a4f5a4574324c3263345a325a356479397a533146514e6b6851576d67724d3274534e455172646e49334f574e6c63556c7853317061656e686962324e6e5131465964305932523252435647644d656c673565584e33576b7031576c4254576d356953324934576b6857564538305546593257573178635551764b32686e4d5441786456527265546876546c70756157355452544a365a6b4e5655533943655645314c336450647a426e554774434c32466e64574e4b5755355654315a57565455765646684d4e6c4d3561475978655373795a48687764553552517a6876626c70344d304e735169746f646e704a643346494f45785865564242596e423151567031596d564c6344637663585674617a5655544739324c3156424f58423152544a6e563364365a564a53556a417a62324d3364484d32633164744e48703455324631625767765a6e424264484269526d74744d6d3554516d6b72574441795a56564963557473616a5a7a543070754e3055724b3064554b334978566b6735655764684d6c704456474a4a4d555634565374504f544e6a556a6c5064485a6f4c3146494d6e6b79655568526446493251575a4e557a427954324e785a30683453474e4263326c6d51554a5751584a70616e5a6c555752365a305234633246796133465459793950566e4e7a64316b324d3346305a5770345a5864745246686d63474a444e537379636c6c72646d30794e454631636e6b78556c7068566a6c504d324e70513035744d30773554334e33655752724e585a4f52336c765747646c534856706354566f55437453566c52774d31565665574a71626d56594e566855553170764d6b4d7a546c6861595774764e5534354d315254515374554e307449566c42324e56566951556779624738345257564b64486c445444466a4c31565655445a6e524868575a6d637756305a73556a5a4c57485a36656b5a57546b64744b324677656c685556324650626a4177574464585532303164565178544764796258686d536c4a3363326455627a4172574659326255646d546a4935516a5668623231715a475a7059566c49543064754d484932555568434e6d56795a577772526b39745356553157475670656973786231704b56444133616a643552554a53526e426d5a445a7a57453558617a686852544978645770614e6b644c4e5778565348464f5558424e566a593256474e465456463156334a445a7a4e334d31673254437372623364735958464262575642636d52334f45526b4b3068564e44464759544e48626a4e6a4e57687565477051576e64494e6b51334e4668534d3164435a4339746558683653475677545446335154565155306852647a465753485a6f54564e724f47466154586f765345524c5a584e3151586c33545531435647457a556c42334d6e5a345a575a735645457a4d314a4b545667775a4374694d3074794b7a4e4e59335649557a63765431565954335277613274745a565a51546c566e645664685a466c516455343164464a6e6255744b61454a6b546e4272626b4a79636d7077626e52566153746d6331426e4d323142546d74476379744952325655646e51725a4456784d5770584e45397059584a785a444a745931684e4d464a6e55574a6162324653596a4675625763325a6c4a454e57747363474e49526a52734d6c4278634530355531704e517a4e585745784a61334244616d527354556b30646b4a49516b526a576c70506353743353446c4b59554e59656d564c59324e474d555272555442325558704a55445a4256544e544d316469625764705a466472626b737652336b7857557074537a6c30546a4645576b46614d544a34626b746f526b785753574e6855465272616e4977656d6831623170335247394e4b316f336355686f5a474977596a566e556b5a43593246584e6b396d6258524d6447526d613231616345637a626a453356334e4a616e4a6d626b593055467048644849355a455a79566b707361306c6d5133466a5a6b4a6b5755526c5153746e4e32644b656b3072556e6c5052446378633164764d43747a5a31425364554a705556426c4e6d4653526d357351324a6f576d6830537a4a59546d52345531493052697479656e426b636d6b3462444e425547564f5932704d554842555555347654315a355a316733597a52574d574a5259566853564652454b33465255586c69544664445a44557a645764355548645464584e79635768725a4778344e5441785530733363566870625846575457354a576e4e336146646959566b72654446704d545931576c63304d6e497754454d7a5a303977576d566a64544a5651575972575531714f455679636b73324d475a56557a4179516d784b5a6d463651335930645442715a45525a566c566b4d4456554e5568304e454e6e616d56364d53747954316378627a4671535778345458566c4d4731794e474e7a623368345a4468434f56423451566c795647315464465671576e525663564a6d5a5856786233563151585a77616a6b334b3245326147307855315248553256355a475577576d7477593231595431513555304e6e556a4a614c323573656c6871546c566a59334534576d78766343745764557449636d4e36634868585746464f576d68306332704d563231784e45524d4d576447566e426d5a4668684b323959516e5649546e4674576b56735a4731465a7a643356537445526c4134516e6c77656d354c53325a77576d6c594f4667784f4539484d444254516d353252544257645756435748424e4e55706155477449616b5a775657704e62484a316545317953546844544338335a5567354e453832523168365444464364586457547a4e324e30567a4d6c525962454e35596c6c774e7a4e32544855724c315275546b743461573077536e46586346526d5a586c424f56424962575671536b513351537444645768754d473435567a5675566a68484b323135576c42714f48566965693931637a427755314e784f485679553368555a6d5654526e67314e4746696232354662323135576b773251554e77636e566b555849775331703064565249634468735a57383063486c53645842305632786b5a6e4e52576b5a49526c56725447355a4e31567764336c4d65465a7256324a744b7a6434576b5a6d59584a4e515774574c32526d4e546459623030724f46517759314e745a586856656e42596547746b6345393257574e304e5746354d5852316332565557474e476456464e4f55396d636e6c4d4b7a566c596d4d79553364495533527363584a4d5932453059566474635651774c32357456325269643278546558526e556a413155574a5862576477656c64515a7a517a556c645a526b704d63574a424d584a57646c68306347314e52323536636b39316454644759556c7065544a4c565845724e5531514e5464695a544a71616a497a536b784a4e793975596b6f79534774774f54646f4e46466d5443746c5a6d5a515533517a566b7836636b393164546c4b636d52424f446470613368695a7a6b3356314275634846544d6c6c335a6d4e53524445795345393465584d314d6c42575655356a4f4464784d4845795a466c30626d553164576436545551776446566d575852455747397756474a6b595870546557743063564e31567938324d7a464f4e6d6c464e3170445a6d4a505a6d6735526e526e536a4e52596c6c43647a67725631684b5430686d52586f76544574796333645155315a6856544a6962336f7655314a354f486850543356355557354759307870556b785261545532616e4931576d566859324a4c5448685157474a6f5254453456317043566d744f55445259627a42464f4456595a6e6b7856475254613235544f557859576d4a784e6c685855486b765247317556576c544b316876566a6c7553487074524646575a444677513078744e48644364336b76576d394e4d5649724d4756696445466e52697430656c564a546a684864455a775530707765545a485a6e4132616e6c4852305a6b63577335576c686956445274647a4630566a466f4d48644d56474a6d62336c3156465a6f623231734b327874525752596454557765584a5a54307071636e644d4d48677259584a45636c59304d5568584e44524d61477846576d493259334a50616b4e34576c56575a3046465a53744962465a4a4e55707a4e69397055324675553055304e4778754e464e554d546454566c5a72566d59334d6b46506130783054566836646c6c4e54546871557974684e546c435532644d64307835516e46454c3046325646426e534870494e5846535633704855454e344d6a63315a4456456555356c4e5735564d7a52754d304d304e3256324e4863784b304e794e6e684563303568566b3175597a4268515577314d31644b626c56594e6a5678576d68335158497764465a7a4d486f3061304e5751573477517a425a4d6e686c643163795153396f6356457a4e585a315a317033516a6c484d336f334b33464b636d4e496255356b513235755432707961456f30656d5a5a567a5a74615656425a6b387264306c714d6c5268516d78595655397251306c515a6d45764e6a56786148687553475a6d56334e7a4e3346725769383064537473524574364e324a61624852454b7a426c52464a43566b3533556d687a616b68766130597a59555668516b5a505a464e6a4b7974685a5752304e4846306257497859564a77636e597756465976597a6c334e4849774e584a5159326c6c6156463655584579656b3531656c64534d31686a615464425a56686f4e31564564305a715154686854697479576c56435547314665544251625564694e566c4f525739434f4864305747746b4b335179546b55794e3064794b334d7954304932623151345247347961556858616e497a567a5655566b31784e6c6451646a6c314d45394a52486c724d30566f4e6d5272525442425958645864456834567a4a486155745864444a504d7a645862546330536a5a4664574a555a48706e5647646c576d464f63584e455a58523354476831555849776247497856336c7862334a4d633249325a566855566b3878655852736332643662454649616d497a54586c3263473079654373785231457254327075556d7845656b464e5658684e556c646c4f5642524d4556554f4445725744465455546331546c64524f553968644531496458706953444a50637a424f655578784c3278364e45397954486c754d6d744253466c324d7a45355532784b63584e47623239746232747a56314e45543231325a6b3948656b7434647a6c3356454e6862577471646e527251575a6f576d3934655446496430465951697469517a52335547644b525842715a585269554442424b326853546d744e616c5a71616e644f4e6d517656304a4561564e68656b565651325a56536c46354d336c7a63476f7252316843546c5a6e61324e524e324a5352473572616d5a456145564f63306873637a6471626e706f4d31566f56305258536d3161526a633452444231543156585a557061516e6c434e6b457663586c69636a647a536b6c6e556e5a584f5531324e555674596c5257636b3953516a464961584a31556b316d5a47644652446776614568314e48704f57564a6c51585a544c3264454e466c444c3146684d575131536e64534d57313652446479614870346333566e4e6c68744e30566f5530356e63586c4f535339364d484a325a7a6c4e56474e356155684d576d34324f574d775a305261644464355a6a6c514b7a6c4b616c7072536b77795156466d51325a554f575271656a46314f55395556323557555752466448466d5556464a656d78555a6d524b4b305a36546e4e72636d557a626d783662444a4d57474e705a4652355a47467057584d3157584e464b33567865554e6c576b704f575578795553396c5332744d4e303472516d55305643747552456846556c6c334f574e5a54484e4d55564d3261484e35536b6c4b5431464d5a316f30576c684961584d7a515642766356707763574e4a4d7a4642636d6b764d335a7663564e5161454e76553246704e566476555768456430317957445a364d6b6430555546315a7a644a5654686f4d4442765a457877567938764e4446735658464c4e6a5675575556584e30525a4e556772627a5132576d777262315130536a5a42626d5a6b4d6b39565a6c56345655686d616e4e4b645774486230597664324d794d6e467457454a4c63433830547a466c656b7472565535554d585a55626a5259547939505a5735456554464b61584678626b4a4951304d335155677761485270596c6f345a5846735955356157486c364e6c56325a7a6c76636b31505230645755586f7755316c4661544e6154585172544455725a45784d55437431636d4659656e4e6c56446c354c3146485932343062456845556b3573646a51346133427553575633545868555a444a58596d3169553270364e316f76625746555544417a6557466c536b6c525a564a4464484a6f635531366447745062444a7963556479596e5645614574694d446378624646724f576c7157464a5755336f7a636e68505933563357466868617a553059557448636d3031647a4d7752484532556a6c796245784e5155396b655574466332457261334a31557a5245626d4e705a45784e59324a574e4564435648565455584934545452744e33426a62445a7065446c4465576c6a4f44466b4f4668465155707352323535596e6461635668434d6e5a525757524756574a5653326b33626d34335a486854616b5a535354647059575a344e3356554f477068626b317056484632646b355856546b7a6231704c52564d77526b684b6345316a51585a52656d6450643363774d454e775a544e55556a6442566c4653567a4e4d5356426a5a30356b52485268576b524354544e5a59545a515430466d5a797452636e644552473133517a557964546735565339595130557a5244425756554a31626d597a4e5764304d6a4a42616d3554646e5a594f484a595344684863484e6b5346707051544576547a4a425347706a596e56774e48553561314e705a6e517664466b764d454659626b5976536a4e364c32347952444e58576a6478626b46715655527363545535553370554f54526a6144646c596a4177595564314d6b56505a56687154584a70537a64425432684b55553834516d686f4f4446614e444653637a6872566d64426357646d656b56614f4856555957645055306476513038334c307331546a4e336156564861326c3154584d7a4e7a5261593046325a43397a5133464f646a4a584e6b464255456f3157564271516d4a704d466c68555859354e553970576d463154554e5159334e31646a6c53513264366246527a4f485a494e3049316430523354445a7a62544243554564556255396c646d526e5348705a536d6444646a68754d306853526c46686456464c555564335344567863544d354e7a646b5a4764435a45314c4d4546326430643354575655537a4a7a59314631526d646f52584a59536a52314d4442464d32646e545749335347526e55565658513056545a48684253304a7051306c7a52556c6e6233646e53304a7051307447517a525352476449656b39475a334533656b6844616a4e486153747162446c71576d6733537a46536557564a62584656576b6c465a7a4d33537a647864586b7a5254464952555a6e533142745953396e52315a7a4e46684d516b5272554468454f55705957546b314e324e6d53336c3165445530616b3577566a566c5348567a5355787363484e3551314a49576e4e4761565a36614464544d476876626b5650596a5134526a5a695633673055444e33576d78455447357a4d5763784d33527061474e454f584e6a54476734566d6c6f59324e465630704b5a476f764c7a6b344e307846554868774e57704e596c6c6c4e476c316547457a4e484e6b61533959596a6b33616e4e595a54566d4e43744a53306c5062306c4d617a5a47636e637a4d6e42695355783064454d725348467a54555272563074335a325670614656524e544a4e526e673564554632614641334c33686b61576f7a63334d35646e565456305a354d576b354d474a7661317068646d354a656c4e475a6d56466558524a554768765444644e4c30684461456f79596a526e62326c6b4d474a4a61584247636d4a764d7a457a634456444e476876566e4a744e6b3536637a677a6157645352564a46556b565352564a46556b565352564a46556b565352564a46556b565352564a46556b565352564a46556b5653546d52324c304658614556774d5846515247394e4e4546425155464252577847564774546456467451304d3d),
('A11111111462015530', 'E55555555', '4 June, 2015', 'A11111111', 'Envio origen en Alicante', 6, 3, 3, 7.054, 'en plaza destino', '', '', NULL),
('B22222222462015134', 'D44444444', '4 June, 2015', 'B22222222', 'Envio origen en Madrid', 32, 28, 2, 12, 'en plaza destino', '', '', NULL);


/*!40101 SET CHARACTER_SET_CLIENT=@OLD_CHARACTER_SET_CLIENT */;
/*!40101 SET CHARACTER_SET_RESULTS=@OLD_CHARACTER_SET_RESULTS */;
/*!40101 SET COLLATION_CONNECTION=@OLD_COLLATION_CONNECTION */;
